tid,alias
52357,
67228,
627436,
675445,
925457,
1029392,
1045298,
1129237,
1129452,
1190662,
1230647,
1521462,
1630438,
2372579,
2748551,
3921749,
4008073,
4254645,
4715901,
4742129,
6400274,
6526912,
7211118,
7320873,
7491381,
7586485,
7695666,
7808834,
7975441,
8001484,
8963901,
8989778,
9054370,
9070070,
9380768,
9632550,
9843991,
9845586,
9886075,
9945183,
10838695,
11002748,
11199521,
11295893,
11300951,
11546041,
11557292,
11598102,
11756637,
12158853,
12359032,
12631605,
12723924,
13020091,
13062255,
13070701,
13075679,
13324350,
13325340,
13345143,
13738984,
13955147,
13957444,
14231596,
14307980,
14709809,
14768149,
15446998,
16276672,
17509396,
17777462,
18914916,
19122666,
19193162,
20176492,
20444632,
21107353,
21184505,
21434829,
21540586,
22120766,
22146154,
22242383,
22288696,
22390773,
22457438,
22481474,
22836043,
22937402,
23139612,
23226268,
23302609,
23325655,
24186999,
24194061,
24344174,
24347173,
24433067,
24435416,
24518895,
24541237,
24584341,
24586751,
24603401,
24606516,
24608426,
24733359,
24950183,
24972851,
25078924,
25117273,
25118964,
25188036,
25195864,
26207247,
27654882,
28077424,
29052041,
29628522,
29777922,
29778064,
29779873,
29780293,
29830830,
29847695,
29940696,
30016911,
30028394,
30034081,
30186108,
30382918,
30631330,
30948608,
30993392,
31054255,
31071126,
31303242,
31415131,
31486920,
31655792,
31693547,
31796120,
31810287,
31850842,
31852565,
31921921,
32000625,
32008233,
32050581,
32052779,
32068898,
32090581,
32146574,
32150630,
32199952,
32200310,
32268776,
32284829,
32449963,
32702481,
32759110,
33194538,
33197483,
33419790,
33576348,
33596460,
33714875,
33714944,
33715938,
33742428,
33862174,
33864387,
33864821,
33878971,
33880418,
33912852,
33949202,
34107676,
34145330,
34236395,
34509850,
35009375,
35101462,
35349987,
35420590,
35481236,
35744583,
36332877,
36828969,
36831336,
37435039,
37601240,
37664980,
37718790,
38144175,
38422739,
38465274,
38518773,
38586438,
38589392,
38678931,
38680132,
38687360,
38699825,
38708544,
38905773,
38937499,
38954437,
39818458,
40534599,
41170667,
41463262,
41561453,
41833926,
41858253,
41896812,
41898474,
42828781,
42991745,
43472154,
43533369,
43533897,
43712632,
43864479,
44623916,
44670257,
44790502,
44984200,
45302816,
46028220,
46029665,
46235895,
46313508,
46907042,
47175622,
47352608,
47425894,
47495808,
48063032,
48063034,
48227288,
48318875,
48372732,
48658291,
49003142,
49534600,
49547177,
49558810,
49593799,
49619607,
50345701,
50624799,
50758245,
50897998,
51191210,
51896232,
51915287,
52318976,
52382500,
52515593,
52560803,
52641430,
52641431,
52913224,
53178075,
53190694,
53292822,
53417036,
53603189,
53842685,
53997651,
54001270,
54018297,
54172975,
54175033,
54245747,
54810190,
55369219,
55404385,
55453391,
55489734,
55497281,
55498515,
55524055,
55652785,
55659311,
55744694,
55839455,
55896456,
56001210,
56127811,
56128191,
56630835,
57151431,
58466459,
58833495,
59038877,
59127833,
59183599,
59759791,
60365430,
60479151,
60611652,
60655023,
60855233,
60952629,
60979860,
61079477,
61275837,
61724376,
61730680,
62401138,
62455702,
62760355,
63037741,
63192395,
63280198,
63352346,
63785934,
63949494,
64608449,
65348716,
65398518,
65479610,
66472244,
66602813,
67265166,
67267845,
67559369,
67686556,
67687692,
67688552,
67699049,
67719432,
67744992,
67808952,
67822383,
68416596,
68645477,
69094113,
69838619,
69889494,
70443079,
70717462,
70744199,
71026173,
71107089,
71132174,
71298511,
71304330,
71546916,
71727949,
72178247,
72178248,
72229825,
72445399,
72588909,
72637266,
72833644,
72863988,
73096141,
73455146,
74528791,
75352949,
75377304,
75969405,
76322020,
76322064,
76698707,
76702258,
77155316,
77158150,
77209028,
77318499,
77437462,
77557473,
77560496,
77560503,
77630842,
77703308,
77727167,
78055898,
78109730,
78152374,
78234015,
78450017,
78568736,
78636551,
78817217,
79225651,
79403459,
79548760,
79565128,
80059889,
80083663,
80252615,
80254085,
80556181,
80599662,
80650858,
80659292,
82580956,
83135408,
83154083,
83231156,
83914837,
83939434,
87260967,
88380001,
88479623,
88665215,
89018905,
89094978,
89328813,
89358641,
89428764,
89543390,
89543393,
89614511,
89787749,
89787778,
89975166,
90716944,
90720183,
90911675,
91246422,
91542943,
91636891,
91638523,
91853165,
92234970,
92594505,
92628706,
92743594,
92845906,
92858906,
92938279,
92938280,
92997988,
93126844,
93280091,
93997745,
94945758,
95251344,
95867802,
96030131,
97919620,
98305034,
98591257,
98658304,
98753727,
98777963,
98827212,
98828631,
98853987,
99465976,
99646802,
99782002,
100029948,
100480141,
100830119,
100917608,
100950426,
101002898,
101013663,
101100599,
101101936,
101140173,
101184036,
101417914,
101497151,
101845679,
102090493,
102164996,
102304013,
102691227,
103683084,
104021068,
105706808,
106055469,
106309554,
106347931,
106349204,
106886169,
107012110,
107117379,
112099606,
112395228,
113061684,
113277027,
113565705,
113769637,
114819301,
114819903,
114923989,
114985772,
115046240,
115105140,
115275539,
115443990,
115693377,
116157537,
116417661,
117544915,
117549840,
117648603,
117649333,
117651099,
117739806,
117747153,
117820236,
117978580,
118200081,
118271395,
118307280,
118313102,
119460310,
119461266,
119676968,
120414806,
120607386,
120956236,
121007796,
121092386,
121102484,
121196226,
121336808,
121420805,
121548959,
121568625,
122189102,
122285268,
122608433,
122645363,
123337161,
123405765,
123478066,
124014601,
124199788,
124205037,
124350360,
124712813,
124712820,
125141941,
125267683,
125497512,
125501325,
126446153,
126602778,
126800165,
126910093,
126945917,
127089264,
127227316,
127311608,
127652970,
127861722,
128139930,
128679896,
129764561,
130297425,
130942594,
132965136,
133105082,
133701671,
134283998,
134811023,
134873712,
135244338,
137860956,
138767755,
139148071,
139188326,
139207681,
139420192,
139699256,
139703005,
139709133,
139721086,
139732428,
139841210,
139845816,
139996019,
140132301,
140205777,
140209204,
140212820,
140493236,
140659978,
140757590,
140797524,
140859822,
140891597,
140968117,
141126559,
141151953,
141227331,
141268467,
141332108,
141333573,
141334293,
141425702,
141542755,
141606986,
141766191,
141769356,
141807839,
141914082,
141914317,
141975926,
142004101,
142013583,
142015852,
142080812,
142086812,
142109430,
142148228,
142177867,
142240683,
142262969,
142266756,
142409400,
142677613,
142852841,
142906191,
142929481,
143022688,
143171265,
143234741,
143354488,
143765469,
143924219,
144000467,
144124074,
144147750,
144161777,
144167304,
144309524,
144462697,
144500749,
144539611,
144598282,
144632645,
144695651,
145022861,
146307240,
146324929,
146344020,
146439804,
146520491,
146522419,
146522930,
146559012,
146597035,
146601318,
146601322,
146652818,
146726762,
146728657,
146761368,
146879345,
146886115,
147083089,
147102369,
147131974,
147201138,
147214032,
147314529,
147407292,
147975720,
148002142,
148081650,
148544875,
148551290,
148562093,
148612685,
149101411,
149175965,
149346418,
149347629,
149445580,
149473467,
149573659,
149629043,
149630117,
149837469,
149861542,
149976187,
150100421,
150166721,
150167319,
150187916,
150188736,
150284425,
150299548,
150357064,
150359500,
150359982,
150361911,
150393064,
150429807,
150432211,
150442264,
150443185,
151584725,
151737954,
152362660,
152370762,
152372681,
152508459,
152573312,
152592870,
152594022,
152620680,
152719658,
152825521,
153166843,
153742549,
153834085,
154616669,
155540827,
155991217,
156215585,
156241056,
156465251,
156920968,
157175641,
157212164,
157754133,
157791259,
158150633,
158329676,
158582801,
158582802,
158673914,
158713903,
159195919,
159932751,
159950145,
160004720,
160008866,
160036449,
160065970,
160085375,
160150808,
160159932,
160196709,
160197791,
160404487,
160828759,
161262226,
161740136,
161988269,
162585265,
162585282,
164592809,
164681172,
164776925,
165124012,
165186801,
165941377,
166236391,
166624433,
166852312,
166871751,
166874846,
166969516,
167008868,
167206099,
167304040,
167304735,
167338355,
167344043,
167524561,
167551757,
167574282,
167673754,
167694820,
167696018,
167717848,
167722431,
167756732,
167814740,
167890109,
167977531,
168276785,
168384614,
168511614,
168674931,
168675489,
168696027,
168697314,
168697816,
168750720,
168792735,
168851294,
169168102,
169316288,
169468632,
169532543,
169573910,
170402639,
170676440,
170766490,
172307870,
172308570,
172462064,
173038281,
173077938,
173139593,
173871956,
174008063,
175177533,
175182754,
175405906,
175491644,
176591772,
176785882,
176863340,
176872276,
176937887,
177036977,
177046404,
177080157,
177082055,
177115492,
177116487,
177118376,
177160057,
177165867,
177174910,
177258700,
177284607,
177309964,
177352893,
177631209,
178171080,
178215848,
178284729,
178285451,
178721930,
178723395,
178857934,
178858648,
178876459,
178879947,
178889597,
178938417,
178938437,
179038379,
179040607,
179238861,
179410793,
179440946,
179878966,
179985566,
180412528,
180724703,
180730928,
180872017,
180943676,
180972066,
181043970,
181150051,
181233908,
181358317,
181798899,
181915184,
182315791,
182894226,
183532876,
183537458,
183596242,
183640635,
185247277,
186544053,
188630094,
189271286,
189443737,
189476500,
189639080,
190372855,
191926695,
192087959,
192541440,
192543860,
192825635,
192848409,
193274465,
197735761,
197787320,
197829751,
197884260,
197886566,
197891904,
197908268,
197933923,
197961755,
198003939,
198011271,
198037741,
198051336,
198076334,
199752613,
199780506,
200363295,
200440175,
200440270,
200441011,
200645730,
200743349,
200769811,
200806186,
201176965,
201226029,
201291281,
201293780,
201497357,
201526989,
201641317,
201747686,
201792346,
201795667,
201897406,
201898222,
201938513,
204325855,
204497617,
205106599,
205461071,
206385626,
206460831,
206462116,
206462606,
206468815,
206498138,
206537272,
206544316,
206556127,
206704467,
207080350,
207142605,
207174531,
207881543,
208390962,
209653511,
209971455,
210636260,
210787500,
210845898,
211116547,
211215485,
211354429,
211412634,
212296912,
212957673,
213047427,
213067604,
213771464,
214299836,
214299966,
214428425,
214517415,
214568914,
214716930,
214772274,
214772414,
214912529,
214913675,
214991065,
215258019,
215336287,
215403644,
216379781,
218152299,
218709302,
218886638,
219145901,
219166792,
219176544,
219201178,
219203188,
219212899,
219218697,
219222201,
219230140,
219234987,
219238496,
219244444,
219249305,
219257563,
219308281,
219328784,
219338651,
219346326,
219362976,
219373406,
219396049,
219421171,
219699532,
219701848,
219984354,
219998026,
220015845,
220181169,
220359766,
220388567,
220397947,
220402290,
220402294,
220407530,
220411786,
220417260,
220420534,
220430912,
220432563,
220457102,
220474209,
220521199,
220557792,
222945452,
225700322,
228760807,
229066844,
229071346,
229078338,
229087301,
229092618,
229143092,
229144144,
229147927,
229150702,
229151691,
229284388,
229804573,
229810745,
229889119,
230982053,
231090784,
231093356,
231127375,
231283310,
231293332,
231631019,
231712886,
231714759,
231809798,
231810776,
231822771,
231828370,
231833061,
231840927,
231851620,
231857003,
231867117,
231888176,
231910539,
231921891,
231922417,
231922739,
231926410,
231936787,
231973885,
232062375,
232063593,
232185093,
234211934,
234295610,
234347951,
234491752,
234505545,
234506911,
234518883,
234644092,
234840976,
235000061,
235056185,
235058181,
235385233,
237883772,
237885807,
237915523,
237918270,
237940278,
237944385,
238162238,
238893410,
240764987,
241289894,
241511379,
242149417,
242302902,
242944454,
242991317,
243475355,
243643549,
244163413,
244207973,
244208023,
244250449,
245026007,
245157924,
245298317,
245863693,
245870883,
246119799,
246858227,
246913796,
247585034,
248129790,
248348545,
248403190,
248447740,
250131154,
250195155,
250196734,
250387838,
251078096,
251094131,
251094451,
251111134,
251829135,
251845153,
251845156,
251879914,
253657883,
253708643,
253708803,
253715855,
253749178,
253775499,
253928535,
254003502,
254045302,
254322223,
254628801,
255053137,
255548311,
255548572,
255563650,
255567460,
255682622,
255700967,
255747145,
256775514,
257482141,
257644579,
257737073,
258314976,
258518383,
258789022,
258837989,
259543079,
259543158,
259574637,
259589049,
259590223,
259701720,
259864042,
259901124,
260124760,
260131665,
260161144,
260162387,
260164371,
260268898,
260269256,
260351540,
260370454,
260416268,
260502102,
260504147,
260541250,
260659986,
260848905,
260950797,
261089147,
261105201,
261107974,
261136000,
261136311,
261236136,
261261192,
261332760,
261335113,
261560580,
261656371,
261746657,
262412046,
262434790,
262605041,
262652067,
262696097,
263035184,
263078276,
263350818,
263925187,
264459943,
264594193,
264767366,
264973344,
264983502,
265015162,
265139391,
265179710,
265435357,
265489698,
265551788,
266170221,
266610248,
266656195,
266735682,
266769521,
266769522,
266948287,
266996791,
268587594,
268639053,
268686000,
268772301,
269064487,
269078565,
269087549,
269342892,
269505148,
269531447,
269562415,
269772593,
269793839,
269852699,
269996393,
270067378,
270101915,
270166263,
270204401,
270341486,
270342707,
270348090,
270371961,
270411008,
270427198,
270474668,
270558446,
270561886,
270622446,
270623499,
270627580,
270648838,
270677813,
271225404,
271596290,
271629040,
271640350,
271891933,
271975726,
271999940,
272232401,
272434749,
272456799,
272467271,
272550631,
273305007,
273395799,
273792220,
274039489,
274088422,
274229418,
275254541,
276253629,
277373390,
277435918,
277712294,
278078903,
278409392,
278521020,
278706358,
278784173,
278825715,
278826516,
278826996,
278861826,
278895603,
278899461,
278901079,
278991483,
278991580,
279056282,
279087522,
279089140,
279097963,
279156705,
279181220,
279254042,
279314488,
279315384,
279323859,
279401848,
279426213,
279481568,
279484342,
279512574,
279570232,
279572957,
279615979,
279949020,
279955276,
280052690,
280287051,
280351891,
280675564,
280799052,
280816457,
280965566,
281053777,
281492315,
281494100,
281497804,
281498280,
281582156,
281728276,
281728376,
282051803,
282052574,
282278844,
284196801,
284505272,
284613090,
284789252,
284863911,
286147872,
286191384,
286278040,
286310830,
286311137,
287174076,
287350461,
287351976,
287354092,
287428978,
287438823,
287485553,
287584993,
287794816,
288104002,
289596375,
289711518,
289801742,
290159983,
290468468,
290476605,
290547036,
291320884,
291451813,
291466214,
292013448,
292765671,
293081694,
293151358,
293164461,
293166952,
293480903,
293614667,
293968698,
294059372,
294092960,
294092966,
294120426,
294157702,
294197236,
294261093,
294271676,
294273900,
294327312,
294328887,
294396726,
294750180,
294784522,
294993587,
295757659,
295777692,
296449358,
297701617,
298079609,
298981924,
299135660,
299496195,
299886628,
299903137,
300324638,
300443831,
300560295,
300654002,
300709924,
300739589,
300866996,
300892362,
300972613,
301022235,
301405723,
301407485,
301956407,
302298728,
302384263,
302438166,
302457456,
302515557,
302537505,
302718039,
302928031,
302995864,
303427297,
303443210,
303519120,
303583303,
303811839,
303843296,
303909865,
304071827,
304135688,
304531034,
304844648,
305536347,
306272819,
306386296,
306392378,
306736346,
306773020,
306987941,
307015842,
307033218,
307085473,
307214209,
307490261,
307783750,
308001339,
308018120,
308182007,
308225941,
308280008,
308402238,
308451526,
308542383,
308744455,
308749877,
308851582,
308919998,
308991822,
309025566,
309069933,
309146836,
309327307,
309402205,
309434176,
309528896,
309582191,
309617141,
309714906,
309791561,
310026926,
310129830,
310556491,
310645192,
311103813,
311128363,
311410850,
312068854,
312111256,
312803013,
312907176,
313935068,
314529804,
315120782,
316207527,
316582319,
317191077,
317250858,
317297606,
317411334,
317551218,
317642317,
318119601,
318120987,
318141352,
318213519,
318649597,
318785502,
318805118,
318825030,
318868129,
318868368,
319218849,
319466859,
319467578,
320173862,
320536498,
320855910,
321528595,
322051377,
322078735,
322493523,
322494232,
322512913,
322650462,
323292484,
323292655,
323350447,
323442776,
323968843,
326242641,
326356701,
326742300,
327056599,
327656776,
327667965,
327785134,
327996089,
328231445,
328398979,
328702100,
329316212,
332124503,
332202405,
332488398,
332600127,
332793697,
332858222,
332860629,
332910947,
333642126,
333772196,
334129050,
334207648,
334930665,
335139519,
335376063,
335590587,
335643748,
335852268,
336343562,
337274166,
337359464,
337393383,
337440887,
338104678,
338273577,
339258033,
339383631,
339607421,
339825750,
339856899,
339960875,
339989392,
340065447,
340100436,
340137832,
340361897,
340487383,
340638718,
340782794,
341029467,
341309569,
341419283,
341550561,
341660109,
342169848,
342500794,
343757299,
343935118,
344299442,
345451479,
345482340,
345899523,
346704136,
347520615,
347545020,
347552724,
347809861,
348717439,
348759510,
348773723,
348841387,
348897766,
348898049,
349059354,
349154435,
349192028,
349371337,
349415561,
349480507,
349797905,
349832824,
349835367,
349907707,
349911034,
349972148,
350030740,
350030939,
350142099,
350297040,
350297825,
350341850,
350345393,
350443417,
350520348,
350584820,
350622185,
350623533,
350712873,
350716073,
350740905,
350765991,
351126671,
352478596,
354571604,
354606420,
355151781,
355357949,
355544723,
355651035,
355766445,
355767053,
356460403,
356900912,
357023705,
357105141,
357469812,
357567470,
357911163,
358022169,
358069227,
358108063,
358174980,
358176584,
358232450,
358457398,
358467237,
359110060,
359137193,
359307236,
359618989,
359767082,
359987981,
360000758,
360371656,
360527688,
360571125,
360631514,
360736543,
360779428,
361993750,
362714717,
363781484,
363782810,
363847487,
363885457,
363933313,
363963079,
364200069,
364200072,
364302118,
364323133,
364325969,
364398342,
365366508,
365368501,
365428002,
365462119,
365570620,
365694569,
366525772,
368644381,
369218857,
369362290,
369369244,
369370898,
369393057,
369705840,
369959289,
369966331,
370550659,
370678161,
370960295,
371839073,
372042000,
372124871,
372954223,
373308741,
373363402,
373364179,
373414766,
373985178,
374366829,
374456194,
374648559,
374828411,
374859582,
375034557,
375058105,
375841183,
376612691,
376985426,
378804584,
378885645,
378961892,
379329149,
379783522,
380117288,
380127556,
380645083,
380659604,
381559060,
381854774,
381948745,
381950094,
381979279,
381987118,
382043650,
382145521,
382188816,
382200946,
382389727,
382425148,
382468229,
382517745,
382575967,
382632137,
382700651,
382980135,
383134735,
383664368,
384031569,
384742846,
384950919,
386262459,
386431674,
387107961,
387148939,
387463207,
387464351,
387513120,
387513384,
387544749,
387586260,
388086679,
388179896,
388182591,
389023278,
389051009,
389476160,
389658055,
389660501,
389726435,
389754101,
390229165,
390955053,
390996644,
391039604,
391516487,
391554433,
391745863,
391927558,
392838495,
393490554,
393943031,
394006752,
394210384,
394356010,
394452884,
394585218,
394657952,
394699148,
395328105,
396004353,
396215041,
396539814,
396655059,
396697136,
396896606,
396903513,
396953669,
397048159,
397886324,
398673007,
398850090,
398987387,
399367577,
399423563,
399697011,
399814051,
400598180,
401228262,
401626459,
401869914,
401889117,
401913214,
401913504,
401926767,
401969526,
402065927,
402107145,
402130407,
402319281,
402324760,
403153647,
403995704,
404123632,
404156386,
404378743,
404477044,
404854539,
405077613,
405109833,
405805240,
405911276,
406116890,
406621405,
406864355,
407012535,
407165509,
407190486,
407584737,
407824089,
407993732,
408068720,
408351795,
408512382,
408552008,
409319605,
409900613,
409942986,
410187905,
410211632,
410354930,
410359089,
410405725,
410418820,
410486022,
410860364,
411980223,
412321059,
412444432,
412540862,
412671673,
412773968,
413285274,
414138813,
415241228,
415434817,
415528958,
415810108,
415873588,
418282828,
418720347,
419152938,
419635446,
419637885,
419744996,
419858183,
420031513,
420049701,
421285598,
422203948,
422327572,
422529279,
422692635,
422914426,
422948276,
423279462,
423431660,
423524230,
423530755,
423761480,
423987361,
424911242,
424992973,
425064757,
425077106,
425549135,
425863844,
425864141,
425940082,
425976940,
426541180,
426588729,
427396133,
427544016,
433448211,
434096244,
434097226,
434428168,
434479378,
435111484,
435928656,
435977760,
436103278,
436158814,
436243444,
436592342,
436732056,
437241830,
437669174,
438775149,
438789953,
438942374,
439399707,
439519959,
439902178,
441105436,
441128066,
441163023,
441183795,
441199393,
441422220,
441422527,
442567883,
442586515,
442623945,
442689368,
442829369,
442868242,
442918617,
443494351,
445921773,
445924091,
445927744,
445932196,
446047505,
446680886,
448913059,
449355457,
449526185,
450028364,
450104319,
450637853,
451211626,
451949522,
452406965,
452522877,
452591471,
452631268,
452632430,
452734608,
452763353,
452786194,
452792198,
452819172,
452955107,
452956975,
453059861,
453416841,
453469791,
453595277,
453684455,
453766186,
453784977,
453835690,
453855004,
453856222,
454190342,
454222105,
454335224,
454834333,
454961345,
455029978,
455153566,
455206965,
455282754,
455463415,
457172621,
457173024,
457425111,
457495082,
458591713,
458616184,
460227467,
460796730,
460820330,
462146834,
462320070,
462492721,
463229791,
464401254,
464422047,
464838153,
465075473,
466238582,
466484360,
466592679,
467050003,
467059272,
467238286,
467773418,
468878505,
468958384,
468982305,
469339385,
469441650,
469970988,
